Time Series Search Export,Search term,Search filters,,Last update of Effective exchange rates data,Downloaded at,Source,Source URL,Download URL,About Effective exchange rates
,,,,2024-08-08,2024-08-12 21:13 CEST,BIS,"https:/data.bis.org/topics/EER/BIS,WS_EER,1.0/M.R.B.AR?","https:/data.bis.org/topics/EER/BIS,WS_EER,1.0/M.R.B.AR?&file_format=csv&format=long&split_frequencies=false&transposed=false&include=code%2Clabel",https://data.bis.org/topics/EER

DATAFLOW_ID:Dataflow ID,KEY:Timeseries Key,FREQ:Frequency,EER_TYPE:Type,EER_BASKET:Basket,REF_AREA:Reference area,Unit,Unit multiplier,TIME_PERIOD:Period,OBS_CONF:Confidentiality,OBS_PRE_BREAK:Pre-break value,OBS_STATUS:Status,OBS_VALUE:Value
"BIS,WS_EER,1.0",M.R.B.AR,M:Monthly,R:Real,B:Broad (64 economies),AR:Argentina,"Index, 2020 = 100",,1994-01-31,F:Free,,A:Normal value,458.81
"BIS,WS_EER,1.0",M.R.B.AR,M:Monthly,R:Real,B:Broad (64 economies),AR:Argentina,"Index, 2020 = 100",,1994-02-28,F:Free,,A:Normal value,456.19
"BIS,WS_EER,1.0",M.R.B.AR,M:Monthly,R:Real,B:Broad (64 economies),AR:Argentina,"Index, 2020 = 100",,1994-03-31,F:Free,,A:Normal value,451.24
"BIS,WS_EER,1.0",M.R.B.AR,M:Monthly,R:Real,B:Broad (64 economies),AR:Argentina,"Index, 2020 = 100",,1994-04-30,F:Free,,A:Normal value,451.91
"BIS,WS_EER,1.0",M.R.B.AR,M:Monthly,R:Real,B:Broad (64 economies),AR:Argentina,"Index, 2020 = 100",,1994-05-31,F:Free,,A:Normal value,448.76
"BIS,WS_EER,1.0",M.R.B.AR,M:Monthly,R:Real,B:Broad (64 economies),AR:Argentina,"Index, 2020 = 100",,1994-06-30,F:Free,,A:Normal value,445.15
"BIS,WS_EER,1.0",M.R.B.AR,M:Monthly,R:Real,B:Broad (64 economies),AR:Argentina,"Index, 2020 = 100",,1994-07-31,F:Free,,A:Normal value,447.71
"BIS,WS_EER,1.0",M.R.B.AR,M:Monthly,R:Real,B:Broad (64 economies),AR:Argentina,"Index, 2020 = 100",,1994-08-31,F:Free,,A:Normal value,440.85
"BIS,WS_EER,1.0",M.R.B.AR,M:Monthly,R:Real,B:Broad (64 economies),AR:Argentina,"Index, 2020 = 100",,1994-09-30,F:Free,,A:Normal value,434.99
"BIS,WS_EER,1.0",M.R.B.AR,M:Monthly,R:Real,B:Broad (64 economies),AR:Argentina,"Index, 2020 = 100",,1994-10-31,F:Free,,A:Normal value,428.11
"BIS,WS_EER,1.0",M.R.B.AR,M:Monthly,R:Real,B:Broad (64 economies),AR:Argentina,"Index, 2020 = 100",,1994-11-30,F:Free,,A:Normal value,426.61
"BIS,WS_EER,1.0",M.R.B.AR,M:Monthly,R:Real,B:Broad (64 economies),AR:Argentina,"Index, 2020 = 100",,1994-12-31,F:Free,,A:Normal value,430.38
"BIS,WS_EER,1.0",M.R.B.AR,M:Monthly,R:Real,B:Broad (64 economies),AR:Argentina,"Index, 2020 = 100",,1995-01-31,F:Free,,A:Normal value,431.5
"BIS,WS_EER,1.0",M.R.B.AR,M:Monthly,R:Real,B:Broad (64 economies),AR:Argentina,"Index, 2020 = 100",,1995-02-28,F:Free,,A:Normal value,426.4
"BIS,WS_EER,1.0",M.R.B.AR,M:Monthly,R:Real,B:Broad (64 economies),AR:Argentina,"Index, 2020 = 100",,1995-03-31,F:Free,,A:Normal value,420.93
"BIS,WS_EER,1.0",M.R.B.AR,M:Monthly,R:Real,B:Broad (64 economies),AR:Argentina,"Index, 2020 = 100",,1995-04-30,F:Free,,A:Normal value,415.08
"BIS,WS_EER,1.0",M.R.B.AR,M:Monthly,R:Real,B:Broad (64 economies),AR:Argentina,"Index, 2020 = 100",,1995-05-31,F:Free,,A:Normal value,411.45
"BIS,WS_EER,1.0",M.R.B.AR,M:Monthly,R:Real,B:Broad (64 economies),AR:Argentina,"Index, 2020 = 100",,1995-06-30,F:Free,,A:Normal value,408.28
"BIS,WS_EER,1.0",M.R.B.AR,M:Monthly,R:Real,B:Broad (64 economies),AR:Argentina,"Index, 2020 = 100",,1995-07-31,F:Free,,A:Normal value,408.49
"BIS,WS_EER,1.0",M.R.B.AR,M:Monthly,R:Real,B:Broad (64 economies),AR:Argentina,"Index, 2020 = 100",,1995-08-31,F:Free,,A:Normal value,412.84
"BIS,WS_EER,1.0",M.R.B.AR,M:Monthly,R:Real,B:Broad (64 economies),AR:Argentina,"Index, 2020 = 100",,1995-09-30,F:Free,,A:Normal value,415.38
"BIS,WS_EER,1.0",M.R.B.AR,M:Monthly,R:Real,B:Broad (64 economies),AR:Argentina,"Index, 2020 = 100",,1995-10-31,F:Free,,A:Normal value,412.94
"BIS,WS_EER,1.0",M.R.B.AR,M:Monthly,R:Real,B:Broad (64 economies),AR:Argentina,"Index, 2020 = 100",,1995-11-30,F:Free,,A:Normal value,411.95
"BIS,WS_EER,1.0",M.R.B.AR,M:Monthly,R:Real,B:Broad (64 economies),AR:Argentina,"Index, 2020 = 100",,1995-12-31,F:Free,,A:Normal value,412.63
"BIS,WS_EER,1.0",M.R.B.AR,M:Monthly,R:Real,B:Broad (64 economies),AR:Argentina,"Index, 2020 = 100",,1996-01-31,F:Free,,A:Normal value,413.54
"BIS,WS_EER,1.0",M.R.B.AR,M:Monthly,R:Real,B:Broad (64 economies),AR:Argentina,"Index, 2020 = 100",,1996-02-29,F:Free,,A:Normal value,410.86
"BIS,WS_EER,1.0",M.R.B.AR,M:Monthly,R:Real,B:Broad (64 economies),AR:Argentina,"Index, 2020 = 100",,1996-03-31,F:Free,,A:Normal value,408.06
"BIS,WS_EER,1.0",M.R.B.AR,M:Monthly,R:Real,B:Broad (64 economies),AR:Argentina,"Index, 2020 = 100",,1996-04-30,F:Free,,A:Normal value,407.03
"BIS,WS_EER,1.0",M.R.B.AR,M:Monthly,R:Real,B:Broad (64 economies),AR:Argentina,"Index, 2020 = 100",,1996-05-31,F:Free,,A:Normal value,406.67
"BIS,WS_EER,1.0",M.R.B.AR,M:Monthly,R:Real,B:Broad (64 economies),AR:Argentina,"Index, 2020 = 100",,1996-06-30,F:Free,,A:Normal value,405.99
"BIS,WS_EER,1.0",M.R.B.AR,M:Monthly,R:Real,B:Broad (64 economies),AR:Argentina,"Index, 2020 = 100",,1996-07-31,F:Free,,A:Normal value,406.14
"BIS,WS_EER,1.0",M.R.B.AR,M:Monthly,R:Real,B:Broad (64 economies),AR:Argentina,"Index, 2020 = 100",,1996-08-31,F:Free,,A:Normal value,404.08
"BIS,WS_EER,1.0",M.R.B.AR,M:Monthly,R:Real,B:Broad (64 economies),AR:Argentina,"Index, 2020 = 100",,1996-09-30,F:Free,,A:Normal value,405.6
"BIS,WS_EER,1.0",M.R.B.AR,M:Monthly,R:Real,B:Broad (64 economies),AR:Argentina,"Index, 2020 = 100",,1996-10-31,F:Free,,A:Normal value,408.85
"BIS,WS_EER,1.0",M.R.B.AR,M:Monthly,R:Real,B:Broad (64 economies),AR:Argentina,"Index, 2020 = 100",,1996-11-30,F:Free,,A:Normal value,406.44
"BIS,WS_EER,1.0",M.R.B.AR,M:Monthly,R:Real,B:Broad (64 economies),AR:Argentina,"Index, 2020 = 100",,1996-12-31,F:Free,,A:Normal value,407.77
"BIS,WS_EER,1.0",M.R.B.AR,M:Monthly,R:Real,B:Broad (64 economies),AR:Argentina,"Index, 2020 = 100",,1997-01-31,F:Free,,A:Normal value,411.77
"BIS,WS_EER,1.0",M.R.B.AR,M:Monthly,R:Real,B:Broad (64 economies),AR:Argentina,"Index, 2020 = 100",,1997-02-28,F:Free,,A:Normal value,418.12
"BIS,WS_EER,1.0",M.R.B.AR,M:Monthly,R:Real,B:Broad (64 economies),AR:Argentina,"Index, 2020 = 100",,1997-03-31,F:Free,,A:Normal value,417.94
"BIS,WS_EER,1.0",M.R.B.AR,M:Monthly,R:Real,B:Broad (64 economies),AR:Argentina,"Index, 2020 = 100",,1997-04-30,F:Free,,A:Normal value,416.01
"BIS,WS_EER,1.0",M.R.B.AR,M:Monthly,R:Real,B:Broad (64 economies),AR:Argentina,"Index, 2020 = 100",,1997-05-31,F:Free,,A:Normal value,414.12
"BIS,WS_EER,1.0",M.R.B.AR,M:Monthly,R:Real,B:Broad (64 economies),AR:Argentina,"Index, 2020 = 100",,1997-06-30,F:Free,,A:Normal value,415.4
"BIS,WS_EER,1.0",M.R.B.AR,M:Monthly,R:Real,B:Broad (64 economies),AR:Argentina,"Index, 2020 = 100",,1997-07-31,F:Free,,A:Normal value,420.1
"BIS,WS_EER,1.0",M.R.B.AR,M:Monthly,R:Real,B:Broad (64 economies),AR:Argentina,"Index, 2020 = 100",,1997-08-31,F:Free,,A:Normal value,425.68
"BIS,WS_EER,1.0",M.R.B.AR,M:Monthly,R:Real,B:Broad (64 economies),AR:Argentina,"Index, 2020 = 100",,1997-09-30,F:Free,,A:Normal value,423.04
"BIS,WS_EER,1.0",M.R.B.AR,M:Monthly,R:Real,B:Broad (64 economies),AR:Argentina,"Index, 2020 = 100",,1997-10-31,F:Free,,A:Normal value,421.12
"BIS,WS_EER,1.0",M.R.B.AR,M:Monthly,R:Real,B:Broad (64 economies),AR:Argentina,"Index, 2020 = 100",,1997-11-30,F:Free,,A:Normal value,421.57
"BIS,WS_EER,1.0",M.R.B.AR,M:Monthly,R:Real,B:Broad (64 economies),AR:Argentina,"Index, 2020 = 100",,1997-12-31,F:Free,,A:Normal value,430.69
"BIS,WS_EER,1.0",M.R.B.AR,M:Monthly,R:Real,B:Broad (64 economies),AR:Argentina,"Index, 2020 = 100",,1998-01-31,F:Free,,A:Normal value,438.82
"BIS,WS_EER,1.0",M.R.B.AR,M:Monthly,R:Real,B:Broad (64 economies),AR:Argentina,"Index, 2020 = 100",,1998-02-28,F:Free,,A:Normal value,437.67
"BIS,WS_EER,1.0",M.R.B.AR,M:Monthly,R:Real,B:Broad (64 economies),AR:Argentina,"Index, 2020 = 100",,1998-03-31,F:Free,,A:Normal value,436.46
"BIS,WS_EER,1.0",M.R.B.AR,M:Monthly,R:Real,B:Broad (64 economies),AR:Argentina,"Index, 2020 = 100",,1998-04-30,F:Free,,A:Normal value,435.0
"BIS,WS_EER,1.0",M.R.B.AR,M:Monthly,R:Real,B:Broad (64 economies),AR:Argentina,"Index, 2020 = 100",,1998-05-31,F:Free,,A:Normal value,433.67
"BIS,WS_EER,1.0",M.R.B.AR,M:Monthly,R:Real,B:Broad (64 economies),AR:Argentina,"Index, 2020 = 100",,1998-06-30,F:Free,,A:Normal value,438.19
"BIS,WS_EER,1.0",M.R.B.AR,M:Monthly,R:Real,B:Broad (64 economies),AR:Argentina,"Index, 2020 = 100",,1998-07-31,F:Free,,A:Normal value,440.86
"BIS,WS_EER,1.0",M.R.B.AR,M:Monthly,R:Real,B:Broad (64 economies),AR:Argentina,"Index, 2020 = 100",,1998-08-31,F:Free,,A:Normal value,443.66
"BIS,WS_EER,1.0",M.R.B.AR,M:Monthly,R:Real,B:Broad (64 economies),AR:Argentina,"Index, 2020 = 100",,1998-09-30,F:Free,,A:Normal value,438.11
"BIS,WS_EER,1.0",M.R.B.AR,M:Monthly,R:Real,B:Broad (64 economies),AR:Argentina,"Index, 2020 = 100",,1998-10-31,F:Free,,A:Normal value,429.67
"BIS,WS_EER,1.0",M.R.B.AR,M:Monthly,R:Real,B:Broad (64 economies),AR:Argentina,"Index, 2020 = 100",,1998-11-30,F:Free,,A:Normal value,431.21
"BIS,WS_EER,1.0",M.R.B.AR,M:Monthly,R:Real,B:Broad (64 economies),AR:Argentina,"Index, 2020 = 100",,1998-12-31,F:Free,,A:Normal value,430.34
"BIS,WS_EER,1.0",M.R.B.AR,M:Monthly,R:Real,B:Broad (64 economies),AR:Argentina,"Index, 2020 = 100",,1999-01-31,F:Free,,A:Normal value,459.5
"BIS,WS_EER,1.0",M.R.B.AR,M:Monthly,R:Real,B:Broad (64 economies),AR:Argentina,"Index, 2020 = 100",,1999-02-28,F:Free,,A:Normal value,493.73
"BIS,WS_EER,1.0",M.R.B.AR,M:Monthly,R:Real,B:Broad (64 economies),AR:Argentina,"Index, 2020 = 100",,1999-03-31,F:Free,,A:Normal value,490.85
"BIS,WS_EER,1.0",M.R.B.AR,M:Monthly,R:Real,B:Broad (64 economies),AR:Argentina,"Index, 2020 = 100",,1999-04-30,F:Free,,A:Normal value,474.23
"BIS,WS_EER,1.0",M.R.B.AR,M:Monthly,R:Real,B:Broad (64 economies),AR:Argentina,"Index, 2020 = 100",,1999-05-31,F:Free,,A:Normal value,471.07
"BIS,WS_EER,1.0",M.R.B.AR,M:Monthly,R:Real,B:Broad (64 economies),AR:Argentina,"Index, 2020 = 100",,1999-06-30,F:Free,,A:Normal value,480.05
"BIS,WS_EER,1.0",M.R.B.AR,M:Monthly,R:Real,B:Broad (64 economies),AR:Argentina,"Index, 2020 = 100",,1999-07-31,F:Free,,A:Normal value,482.54
"BIS,WS_EER,1.0",M.R.B.AR,M:Monthly,R:Real,B:Broad (64 economies),AR:Argentina,"Index, 2020 = 100",,1999-08-31,F:Free,,A:Normal value,481.22
"BIS,WS_EER,1.0",M.R.B.AR,M:Monthly,R:Real,B:Broad (64 economies),AR:Argentina,"Index, 2020 = 100",,1999-09-30,F:Free,,A:Normal value,479.83
"BIS,WS_EER,1.0",M.R.B.AR,M:Monthly,R:Real,B:Broad (64 economies),AR:Argentina,"Index, 2020 = 100",,1999-10-31,F:Free,,A:Normal value,480.24
"BIS,WS_EER,1.0",M.R.B.AR,M:Monthly,R:Real,B:Broad (64 economies),AR:Argentina,"Index, 2020 = 100",,1999-11-30,F:Free,,A:Normal value,478.55
"BIS,WS_EER,1.0",M.R.B.AR,M:Monthly,R:Real,B:Broad (64 economies),AR:Argentina,"Index, 2020 = 100",,1999-12-31,F:Free,,A:Normal value,472.65
"BIS,WS_EER,1.0",M.R.B.AR,M:Monthly,R:Real,B:Broad (64 economies),AR:Argentina,"Index, 2020 = 100",,2000-01-31,F:Free,,A:Normal value,471.63
"BIS,WS_EER,1.0",M.R.B.AR,M:Monthly,R:Real,B:Broad (64 economies),AR:Argentina,"Index, 2020 = 100",,2000-02-29,F:Free,,A:Normal value,473.25
"BIS,WS_EER,1.0",M.R.B.AR,M:Monthly,R:Real,B:Broad (64 economies),AR:Argentina,"Index, 2020 = 100",,2000-03-31,F:Free,,A:Normal value,466.92
"BIS,WS_EER,1.0",M.R.B.AR,M:Monthly,R:Real,B:Broad (64 economies),AR:Argentina,"Index, 2020 = 100",,2000-04-30,F:Free,,A:Normal value,469.42
"BIS,WS_EER,1.0",M.R.B.AR,M:Monthly,R:Real,B:Broad (64 economies),AR:Argentina,"Index, 2020 = 100",,2000-05-31,F:Free,,A:Normal value,479.37
"BIS,WS_EER,1.0",M.R.B.AR,M:Monthly,R:Real,B:Broad (64 economies),AR:Argentina,"Index, 2020 = 100",,2000-06-30,F:Free,,A:Normal value,470.45
"BIS,WS_EER,1.0",M.R.B.AR,M:Monthly,R:Real,B:Broad (64 economies),AR:Argentina,"Index, 2020 = 100",,2000-07-31,F:Free,,A:Normal value,471.06
"BIS,WS_EER,1.0",M.R.B.AR,M:Monthly,R:Real,B:Broad (64 economies),AR:Argentina,"Index, 2020 = 100",,2000-08-31,F:Free,,A:Normal value,473.22
"BIS,WS_EER,1.0",M.R.B.AR,M:Monthly,R:Real,B:Broad (64 economies),AR:Argentina,"Index, 2020 = 100",,2000-09-30,F:Free,,A:Normal value,477.4
"BIS,WS_EER,1.0",M.R.B.AR,M:Monthly,R:Real,B:Broad (64 economies),AR:Argentina,"Index, 2020 = 100",,2000-10-31,F:Free,,A:Normal value,484.07
"BIS,WS_EER,1.0",M.R.B.AR,M:Monthly,R:Real,B:Broad (64 economies),AR:Argentina,"Index, 2020 = 100",,2000-11-30,F:Free,,A:Normal value,486.27
"BIS,WS_EER,1.0",M.R.B.AR,M:Monthly,R:Real,B:Broad (64 economies),AR:Argentina,"Index, 2020 = 100",,2000-12-31,F:Free,,A:Normal value,480.9
"BIS,WS_EER,1.0",M.R.B.AR,M:Monthly,R:Real,B:Broad (64 economies),AR:Argentina,"Index, 2020 = 100",,2001-01-31,F:Free,,A:Normal value,475.37
"BIS,WS_EER,1.0",M.R.B.AR,M:Monthly,R:Real,B:Broad (64 economies),AR:Argentina,"Index, 2020 = 100",,2001-02-28,F:Free,,A:Normal value,478.0
"BIS,WS_EER,1.0",M.R.B.AR,M:Monthly,R:Real,B:Broad (64 economies),AR:Argentina,"Index, 2020 = 100",,2001-03-31,F:Free,,A:Normal value,487.08
"BIS,WS_EER,1.0",M.R.B.AR,M:Monthly,R:Real,B:Broad (64 economies),AR:Argentina,"Index, 2020 = 100",,2001-04-30,F:Free,,A:Normal value,498.26
"BIS,WS_EER,1.0",M.R.B.AR,M:Monthly,R:Real,B:Broad (64 economies),AR:Argentina,"Index, 2020 = 100",,2001-05-31,F:Free,,A:Normal value,504.22
"BIS,WS_EER,1.0",M.R.B.AR,M:Monthly,R:Real,B:Broad (64 economies),AR:Argentina,"Index, 2020 = 100",,2001-06-30,F:Free,,A:Normal value,508.66
"BIS,WS_EER,1.0",M.R.B.AR,M:Monthly,R:Real,B:Broad (64 economies),AR:Argentina,"Index, 2020 = 100",,2001-07-31,F:Free,,A:Normal value,511.75
"BIS,WS_EER,1.0",M.R.B.AR,M:Monthly,R:Real,B:Broad (64 economies),AR:Argentina,"Index, 2020 = 100",,2001-08-31,F:Free,,A:Normal value,504.45
"BIS,WS_EER,1.0",M.R.B.AR,M:Monthly,R:Real,B:Broad (64 economies),AR:Argentina,"Index, 2020 = 100",,2001-09-30,F:Free,,A:Normal value,509.56
"BIS,WS_EER,1.0",M.R.B.AR,M:Monthly,R:Real,B:Broad (64 economies),AR:Argentina,"Index, 2020 = 100",,2001-10-31,F:Free,,A:Normal value,512.39
"BIS,WS_EER,1.0",M.R.B.AR,M:Monthly,R:Real,B:Broad (64 economies),AR:Argentina,"Index, 2020 = 100",,2001-11-30,F:Free,,A:Normal value,502.81
"BIS,WS_EER,1.0",M.R.B.AR,M:Monthly,R:Real,B:Broad (64 economies),AR:Argentina,"Index, 2020 = 100",,2001-12-31,F:Free,,A:Normal value,490.53
"BIS,WS_EER,1.0",M.R.B.AR,M:Monthly,R:Real,B:Broad (64 economies),AR:Argentina,"Index, 2020 = 100",,2002-01-31,F:Free,,A:Normal value,503.19
"BIS,WS_EER,1.0",M.R.B.AR,M:Monthly,R:Real,B:Broad (64 economies),AR:Argentina,"Index, 2020 = 100",,2002-02-28,F:Free,,A:Normal value,251.64
"BIS,WS_EER,1.0",M.R.B.AR,M:Monthly,R:Real,B:Broad (64 economies),AR:Argentina,"Index, 2020 = 100",,2002-03-31,F:Free,,A:Normal value,214.16
"BIS,WS_EER,1.0",M.R.B.AR,M:Monthly,R:Real,B:Broad (64 economies),AR:Argentina,"Index, 2020 = 100",,2002-04-30,F:Free,,A:Normal value,195.13
"BIS,WS_EER,1.0",M.R.B.AR,M:Monthly,R:Real,B:Broad (64 economies),AR:Argentina,"Index, 2020 = 100",,2002-05-31,F:Free,,A:Normal value,181.66
"BIS,WS_EER,1.0",M.R.B.AR,M:Monthly,R:Real,B:Broad (64 economies),AR:Argentina,"Index, 2020 = 100",,2002-06-30,F:Free,,A:Normal value,175.38
"BIS,WS_EER,1.0",M.R.B.AR,M:Monthly,R:Real,B:Broad (64 economies),AR:Argentina,"Index, 2020 = 100",,2002-07-31,F:Free,,A:Normal value,184.1
"BIS,WS_EER,1.0",M.R.B.AR,M:Monthly,R:Real,B:Broad (64 economies),AR:Argentina,"Index, 2020 = 100",,2002-08-31,F:Free,,A:Normal value,193.61
"BIS,WS_EER,1.0",M.R.B.AR,M:Monthly,R:Real,B:Broad (64 economies),AR:Argentina,"Index, 2020 = 100",,2002-09-30,F:Free,,A:Normal value,197.86
"BIS,WS_EER,1.0",M.R.B.AR,M:Monthly,R:Real,B:Broad (64 economies),AR:Argentina,"Index, 2020 = 100",,2002-10-31,F:Free,,A:Normal value,204.69
"BIS,WS_EER,1.0",M.R.B.AR,M:Monthly,R:Real,B:Broad (64 economies),AR:Argentina,"Index, 2020 = 100",,2002-11-30,F:Free,,A:Normal value,205.38
"BIS,WS_EER,1.0",M.R.B.AR,M:Monthly,R:Real,B:Broad (64 economies),AR:Argentina,"Index, 2020 = 100",,2002-12-31,F:Free,,A:Normal value,205.78
"BIS,WS_EER,1.0",M.R.B.AR,M:Monthly,R:Real,B:Broad (64 economies),AR:Argentina,"Index, 2020 = 100",,2003-01-31,F:Free,,A:Normal value,216.78
"BIS,WS_EER,1.0",M.R.B.AR,M:Monthly,R:Real,B:Broad (64 economies),AR:Argentina,"Index, 2020 = 100",,2003-02-28,F:Free,,A:Normal value,226.17
"BIS,WS_EER,1.0",M.R.B.AR,M:Monthly,R:Real,B:Broad (64 economies),AR:Argentina,"Index, 2020 = 100",,2003-03-31,F:Free,,A:Normal value,229.67
"BIS,WS_EER,1.0",M.R.B.AR,M:Monthly,R:Real,B:Broad (64 economies),AR:Argentina,"Index, 2020 = 100",,2003-04-30,F:Free,,A:Normal value,235.13
"BIS,WS_EER,1.0",M.R.B.AR,M:Monthly,R:Real,B:Broad (64 economies),AR:Argentina,"Index, 2020 = 100",,2003-05-31,F:Free,,A:Normal value,231.37
"BIS,WS_EER,1.0",M.R.B.AR,M:Monthly,R:Real,B:Broad (64 economies),AR:Argentina,"Index, 2020 = 100",,2003-06-30,F:Free,,A:Normal value,231.58
"BIS,WS_EER,1.0",M.R.B.AR,M:Monthly,R:Real,B:Broad (64 economies),AR:Argentina,"Index, 2020 = 100",,2003-07-31,F:Free,,A:Normal value,235.0
"BIS,WS_EER,1.0",M.R.B.AR,M:Monthly,R:Real,B:Broad (64 economies),AR:Argentina,"Index, 2020 = 100",,2003-08-31,F:Free,,A:Normal value,228.64
"BIS,WS_EER,1.0",M.R.B.AR,M:Monthly,R:Real,B:Broad (64 economies),AR:Argentina,"Index, 2020 = 100",,2003-09-30,F:Free,,A:Normal value,224.35
"BIS,WS_EER,1.0",M.R.B.AR,M:Monthly,R:Real,B:Broad (64 economies),AR:Argentina,"Index, 2020 = 100",,2003-10-31,F:Free,,A:Normal value,225.78
"BIS,WS_EER,1.0",M.R.B.AR,M:Monthly,R:Real,B:Broad (64 economies),AR:Argentina,"Index, 2020 = 100",,2003-11-30,F:Free,,A:Normal value,226.2
"BIS,WS_EER,1.0",M.R.B.AR,M:Monthly,R:Real,B:Broad (64 economies),AR:Argentina,"Index, 2020 = 100",,2003-12-31,F:Free,,A:Normal value,217.13
"BIS,WS_EER,1.0",M.R.B.AR,M:Monthly,R:Real,B:Broad (64 economies),AR:Argentina,"Index, 2020 = 100",,2004-01-31,F:Free,,A:Normal value,216.62
"BIS,WS_EER,1.0",M.R.B.AR,M:Monthly,R:Real,B:Broad (64 economies),AR:Argentina,"Index, 2020 = 100",,2004-02-29,F:Free,,A:Normal value,216.08
"BIS,WS_EER,1.0",M.R.B.AR,M:Monthly,R:Real,B:Broad (64 economies),AR:Argentina,"Index, 2020 = 100",,2004-03-31,F:Free,,A:Normal value,219.02
"BIS,WS_EER,1.0",M.R.B.AR,M:Monthly,R:Real,B:Broad (64 economies),AR:Argentina,"Index, 2020 = 100",,2004-04-30,F:Free,,A:Normal value,226.71
"BIS,WS_EER,1.0",M.R.B.AR,M:Monthly,R:Real,B:Broad (64 economies),AR:Argentina,"Index, 2020 = 100",,2004-05-31,F:Free,,A:Normal value,227.35
"BIS,WS_EER,1.0",M.R.B.AR,M:Monthly,R:Real,B:Broad (64 economies),AR:Argentina,"Index, 2020 = 100",,2004-06-30,F:Free,,A:Normal value,224.06
"BIS,WS_EER,1.0",M.R.B.AR,M:Monthly,R:Real,B:Broad (64 economies),AR:Argentina,"Index, 2020 = 100",,2004-07-31,F:Free,,A:Normal value,221.97
"BIS,WS_EER,1.0",M.R.B.AR,M:Monthly,R:Real,B:Broad (64 economies),AR:Argentina,"Index, 2020 = 100",,2004-08-31,F:Free,,A:Normal value,217.8
"BIS,WS_EER,1.0",M.R.B.AR,M:Monthly,R:Real,B:Broad (64 economies),AR:Argentina,"Index, 2020 = 100",,2004-09-30,F:Free,,A:Normal value,216.36
"BIS,WS_EER,1.0",M.R.B.AR,M:Monthly,R:Real,B:Broad (64 economies),AR:Argentina,"Index, 2020 = 100",,2004-10-31,F:Free,,A:Normal value,215.95
"BIS,WS_EER,1.0",M.R.B.AR,M:Monthly,R:Real,B:Broad (64 economies),AR:Argentina,"Index, 2020 = 100",,2004-11-30,F:Free,,A:Normal value,212.55
"BIS,WS_EER,1.0",M.R.B.AR,M:Monthly,R:Real,B:Broad (64 economies),AR:Argentina,"Index, 2020 = 100",,2004-12-31,F:Free,,A:Normal value,208.88
"BIS,WS_EER,1.0",M.R.B.AR,M:Monthly,R:Real,B:Broad (64 economies),AR:Argentina,"Index, 2020 = 100",,2005-01-31,F:Free,,A:Normal value,212.0
"BIS,WS_EER,1.0",M.R.B.AR,M:Monthly,R:Real,B:Broad (64 economies),AR:Argentina,"Index, 2020 = 100",,2005-02-28,F:Free,,A:Normal value,213.45
"BIS,WS_EER,1.0",M.R.B.AR,M:Monthly,R:Real,B:Broad (64 economies),AR:Argentina,"Index, 2020 = 100",,2005-03-31,F:Free,,A:Normal value,217.88
"BIS,WS_EER,1.0",M.R.B.AR,M:Monthly,R:Real,B:Broad (64 economies),AR:Argentina,"Index, 2020 = 100",,2005-04-30,F:Free,,A:Normal value,216.12
"BIS,WS_EER,1.0",M.R.B.AR,M:Monthly,R:Real,B:Broad (64 economies),AR:Argentina,"Index, 2020 = 100",,2005-05-31,F:Free,,A:Normal value,214.91
"BIS,WS_EER,1.0",M.R.B.AR,M:Monthly,R:Real,B:Broad (64 economies),AR:Argentina,"Index, 2020 = 100",,2005-06-30,F:Free,,A:Normal value,218.59
"BIS,WS_EER,1.0",M.R.B.AR,M:Monthly,R:Real,B:Broad (64 economies),AR:Argentina,"Index, 2020 = 100",,2005-07-31,F:Free,,A:Normal value,220.74
"BIS,WS_EER,1.0",M.R.B.AR,M:Monthly,R:Real,B:Broad (64 economies),AR:Argentina,"Index, 2020 = 100",,2005-08-31,F:Free,,A:Normal value,218.43
"BIS,WS_EER,1.0",M.R.B.AR,M:Monthly,R:Real,B:Broad (64 economies),AR:Argentina,"Index, 2020 = 100",,2005-09-30,F:Free,,A:Normal value,215.89
"BIS,WS_EER,1.0",M.R.B.AR,M:Monthly,R:Real,B:Broad (64 economies),AR:Argentina,"Index, 2020 = 100",,2005-10-31,F:Free,,A:Normal value,212.99
"BIS,WS_EER,1.0",M.R.B.AR,M:Monthly,R:Real,B:Broad (64 economies),AR:Argentina,"Index, 2020 = 100",,2005-11-30,F:Free,,A:Normal value,212.76
"BIS,WS_EER,1.0",M.R.B.AR,M:Monthly,R:Real,B:Broad (64 economies),AR:Argentina,"Index, 2020 = 100",,2005-12-31,F:Free,,A:Normal value,213.99
"BIS,WS_EER,1.0",M.R.B.AR,M:Monthly,R:Real,B:Broad (64 economies),AR:Argentina,"Index, 2020 = 100",,2006-01-31,F:Free,,A:Normal value,210.08
"BIS,WS_EER,1.0",M.R.B.AR,M:Monthly,R:Real,B:Broad (64 economies),AR:Argentina,"Index, 2020 = 100",,2006-02-28,F:Free,,A:Normal value,207.24
"BIS,WS_EER,1.0",M.R.B.AR,M:Monthly,R:Real,B:Broad (64 economies),AR:Argentina,"Index, 2020 = 100",,2006-03-31,F:Free,,A:Normal value,208.32
"BIS,WS_EER,1.0",M.R.B.AR,M:Monthly,R:Real,B:Broad (64 economies),AR:Argentina,"Index, 2020 = 100",,2006-04-30,F:Free,,A:Normal value,208.14
"BIS,WS_EER,1.0",M.R.B.AR,M:Monthly,R:Real,B:Broad (64 economies),AR:Argentina,"Index, 2020 = 100",,2006-05-31,F:Free,,A:Normal value,208.92
"BIS,WS_EER,1.0",M.R.B.AR,M:Monthly,R:Real,B:Broad (64 economies),AR:Argentina,"Index, 2020 = 100",,2006-06-30,F:Free,,A:Normal value,212.33
"BIS,WS_EER,1.0",M.R.B.AR,M:Monthly,R:Real,B:Broad (64 economies),AR:Argentina,"Index, 2020 = 100",,2006-07-31,F:Free,,A:Normal value,210.74
"BIS,WS_EER,1.0",M.R.B.AR,M:Monthly,R:Real,B:Broad (64 economies),AR:Argentina,"Index, 2020 = 100",,2006-08-31,F:Free,,A:Normal value,209.98
"BIS,WS_EER,1.0",M.R.B.AR,M:Monthly,R:Real,B:Broad (64 economies),AR:Argentina,"Index, 2020 = 100",,2006-09-30,F:Free,,A:Normal value,210.91
"BIS,WS_EER,1.0",M.R.B.AR,M:Monthly,R:Real,B:Broad (64 economies),AR:Argentina,"Index, 2020 = 100",,2006-10-31,F:Free,,A:Normal value,212.27
"BIS,WS_EER,1.0",M.R.B.AR,M:Monthly,R:Real,B:Broad (64 economies),AR:Argentina,"Index, 2020 = 100",,2006-11-30,F:Free,,A:Normal value,214.07
"BIS,WS_EER,1.0",M.R.B.AR,M:Monthly,R:Real,B:Broad (64 economies),AR:Argentina,"Index, 2020 = 100",,2006-12-31,F:Free,,A:Normal value,214.34
"BIS,WS_EER,1.0",M.R.B.AR,M:Monthly,R:Real,B:Broad (64 economies),AR:Argentina,"Index, 2020 = 100",,2007-01-31,F:Free,,A:Normal value,215.39
"BIS,WS_EER,1.0",M.R.B.AR,M:Monthly,R:Real,B:Broad (64 economies),AR:Argentina,"Index, 2020 = 100",,2007-02-28,F:Free,,A:Normal value,211.87
"BIS,WS_EER,1.0",M.R.B.AR,M:Monthly,R:Real,B:Broad (64 economies),AR:Argentina,"Index, 2020 = 100",,2007-03-31,F:Free,,A:Normal value,211.83
"BIS,WS_EER,1.0",M.R.B.AR,M:Monthly,R:Real,B:Broad (64 economies),AR:Argentina,"Index, 2020 = 100",,2007-04-30,F:Free,,A:Normal value,210.14
"BIS,WS_EER,1.0",M.R.B.AR,M:Monthly,R:Real,B:Broad (64 economies),AR:Argentina,"Index, 2020 = 100",,2007-05-31,F:Free,,A:Normal value,208.49
"BIS,WS_EER,1.0",M.R.B.AR,M:Monthly,R:Real,B:Broad (64 economies),AR:Argentina,"Index, 2020 = 100",,2007-06-30,F:Free,,A:Normal value,207.59
"BIS,WS_EER,1.0",M.R.B.AR,M:Monthly,R:Real,B:Broad (64 economies),AR:Argentina,"Index, 2020 = 100",,2007-07-31,F:Free,,A:Normal value,202.44
"BIS,WS_EER,1.0",M.R.B.AR,M:Monthly,R:Real,B:Broad (64 economies),AR:Argentina,"Index, 2020 = 100",,2007-08-31,F:Free,,A:Normal value,203.83
"BIS,WS_EER,1.0",M.R.B.AR,M:Monthly,R:Real,B:Broad (64 economies),AR:Argentina,"Index, 2020 = 100",,2007-09-30,F:Free,,A:Normal value,201.99
"BIS,WS_EER,1.0",M.R.B.AR,M:Monthly,R:Real,B:Broad (64 economies),AR:Argentina,"Index, 2020 = 100",,2007-10-31,F:Free,,A:Normal value,196.22
"BIS,WS_EER,1.0",M.R.B.AR,M:Monthly,R:Real,B:Broad (64 economies),AR:Argentina,"Index, 2020 = 100",,2007-11-30,F:Free,,A:Normal value,195.2
"BIS,WS_EER,1.0",M.R.B.AR,M:Monthly,R:Real,B:Broad (64 economies),AR:Argentina,"Index, 2020 = 100",,2007-12-31,F:Free,,A:Normal value,196.73
"BIS,WS_EER,1.0",M.R.B.AR,M:Monthly,R:Real,B:Broad (64 economies),AR:Argentina,"Index, 2020 = 100",,2008-01-31,F:Free,,A:Normal value,195.97
"BIS,WS_EER,1.0",M.R.B.AR,M:Monthly,R:Real,B:Broad (64 economies),AR:Argentina,"Index, 2020 = 100",,2008-02-29,F:Free,,A:Normal value,192.16
"BIS,WS_EER,1.0",M.R.B.AR,M:Monthly,R:Real,B:Broad (64 economies),AR:Argentina,"Index, 2020 = 100",,2008-03-31,F:Free,,A:Normal value,189.71
"BIS,WS_EER,1.0",M.R.B.AR,M:Monthly,R:Real,B:Broad (64 economies),AR:Argentina,"Index, 2020 = 100",,2008-04-30,F:Free,,A:Normal value,188.43
"BIS,WS_EER,1.0",M.R.B.AR,M:Monthly,R:Real,B:Broad (64 economies),AR:Argentina,"Index, 2020 = 100",,2008-05-31,F:Free,,A:Normal value,188.87
"BIS,WS_EER,1.0",M.R.B.AR,M:Monthly,R:Real,B:Broad (64 economies),AR:Argentina,"Index, 2020 = 100",,2008-06-30,F:Free,,A:Normal value,193.79
"BIS,WS_EER,1.0",M.R.B.AR,M:Monthly,R:Real,B:Broad (64 economies),AR:Argentina,"Index, 2020 = 100",,2008-07-31,F:Free,,A:Normal value,193.47
"BIS,WS_EER,1.0",M.R.B.AR,M:Monthly,R:Real,B:Broad (64 economies),AR:Argentina,"Index, 2020 = 100",,2008-08-31,F:Free,,A:Normal value,197.05
"BIS,WS_EER,1.0",M.R.B.AR,M:Monthly,R:Real,B:Broad (64 economies),AR:Argentina,"Index, 2020 = 100",,2008-09-30,F:Free,,A:Normal value,204.93
"BIS,WS_EER,1.0",M.R.B.AR,M:Monthly,R:Real,B:Broad (64 economies),AR:Argentina,"Index, 2020 = 100",,2008-10-31,F:Free,,A:Normal value,216.83
"BIS,WS_EER,1.0",M.R.B.AR,M:Monthly,R:Real,B:Broad (64 economies),AR:Argentina,"Index, 2020 = 100",,2008-11-30,F:Free,,A:Normal value,218.11
"BIS,WS_EER,1.0",M.R.B.AR,M:Monthly,R:Real,B:Broad (64 economies),AR:Argentina,"Index, 2020 = 100",,2008-12-31,F:Free,,A:Normal value,215.29
"BIS,WS_EER,1.0",M.R.B.AR,M:Monthly,R:Real,B:Broad (64 economies),AR:Argentina,"Index, 2020 = 100",,2009-01-31,F:Free,,A:Normal value,211.31
"BIS,WS_EER,1.0",M.R.B.AR,M:Monthly,R:Real,B:Broad (64 economies),AR:Argentina,"Index, 2020 = 100",,2009-02-28,F:Free,,A:Normal value,211.61
"BIS,WS_EER,1.0",M.R.B.AR,M:Monthly,R:Real,B:Broad (64 economies),AR:Argentina,"Index, 2020 = 100",,2009-03-31,F:Free,,A:Normal value,203.8
"BIS,WS_EER,1.0",M.R.B.AR,M:Monthly,R:Real,B:Broad (64 economies),AR:Argentina,"Index, 2020 = 100",,2009-04-30,F:Free,,A:Normal value,196.48
"BIS,WS_EER,1.0",M.R.B.AR,M:Monthly,R:Real,B:Broad (64 economies),AR:Argentina,"Index, 2020 = 100",,2009-05-31,F:Free,,A:Normal value,187.99
"BIS,WS_EER,1.0",M.R.B.AR,M:Monthly,R:Real,B:Broad (64 economies),AR:Argentina,"Index, 2020 = 100",,2009-06-30,F:Free,,A:Normal value,181.31
"BIS,WS_EER,1.0",M.R.B.AR,M:Monthly,R:Real,B:Broad (64 economies),AR:Argentina,"Index, 2020 = 100",,2009-07-31,F:Free,,A:Normal value,179.45
"BIS,WS_EER,1.0",M.R.B.AR,M:Monthly,R:Real,B:Broad (64 economies),AR:Argentina,"Index, 2020 = 100",,2009-08-31,F:Free,,A:Normal value,175.32
"BIS,WS_EER,1.0",M.R.B.AR,M:Monthly,R:Real,B:Broad (64 economies),AR:Argentina,"Index, 2020 = 100",,2009-09-30,F:Free,,A:Normal value,174.35
"BIS,WS_EER,1.0",M.R.B.AR,M:Monthly,R:Real,B:Broad (64 economies),AR:Argentina,"Index, 2020 = 100",,2009-10-31,F:Free,,A:Normal value,172.22
"BIS,WS_EER,1.0",M.R.B.AR,M:Monthly,R:Real,B:Broad (64 economies),AR:Argentina,"Index, 2020 = 100",,2009-11-30,F:Free,,A:Normal value,172.8
"BIS,WS_EER,1.0",M.R.B.AR,M:Monthly,R:Real,B:Broad (64 economies),AR:Argentina,"Index, 2020 = 100",,2009-12-31,F:Free,,A:Normal value,175.52
"BIS,WS_EER,1.0",M.R.B.AR,M:Monthly,R:Real,B:Broad (64 economies),AR:Argentina,"Index, 2020 = 100",,2010-01-31,F:Free,,A:Normal value,178.38
"BIS,WS_EER,1.0",M.R.B.AR,M:Monthly,R:Real,B:Broad (64 economies),AR:Argentina,"Index, 2020 = 100",,2010-02-28,F:Free,,A:Normal value,181.54
"BIS,WS_EER,1.0",M.R.B.AR,M:Monthly,R:Real,B:Broad (64 economies),AR:Argentina,"Index, 2020 = 100",,2010-03-31,F:Free,,A:Normal value,180.1
"BIS,WS_EER,1.0",M.R.B.AR,M:Monthly,R:Real,B:Broad (64 economies),AR:Argentina,"Index, 2020 = 100",,2010-04-30,F:Free,,A:Normal value,179.26
"BIS,WS_EER,1.0",M.R.B.AR,M:Monthly,R:Real,B:Broad (64 economies),AR:Argentina,"Index, 2020 = 100",,2010-05-31,F:Free,,A:Normal value,184.16
"BIS,WS_EER,1.0",M.R.B.AR,M:Monthly,R:Real,B:Broad (64 economies),AR:Argentina,"Index, 2020 = 100",,2010-06-30,F:Free,,A:Normal value,185.42
"BIS,WS_EER,1.0",M.R.B.AR,M:Monthly,R:Real,B:Broad (64 economies),AR:Argentina,"Index, 2020 = 100",,2010-07-31,F:Free,,A:Normal value,182.91
"BIS,WS_EER,1.0",M.R.B.AR,M:Monthly,R:Real,B:Broad (64 economies),AR:Argentina,"Index, 2020 = 100",,2010-08-31,F:Free,,A:Normal value,182.43
"BIS,WS_EER,1.0",M.R.B.AR,M:Monthly,R:Real,B:Broad (64 economies),AR:Argentina,"Index, 2020 = 100",,2010-09-30,F:Free,,A:Normal value,179.91
"BIS,WS_EER,1.0",M.R.B.AR,M:Monthly,R:Real,B:Broad (64 economies),AR:Argentina,"Index, 2020 = 100",,2010-10-31,F:Free,,A:Normal value,175.79
"BIS,WS_EER,1.0",M.R.B.AR,M:Monthly,R:Real,B:Broad (64 economies),AR:Argentina,"Index, 2020 = 100",,2010-11-30,F:Free,,A:Normal value,177.39
"BIS,WS_EER,1.0",M.R.B.AR,M:Monthly,R:Real,B:Broad (64 economies),AR:Argentina,"Index, 2020 = 100",,2010-12-31,F:Free,,A:Normal value,177.99
"BIS,WS_EER,1.0",M.R.B.AR,M:Monthly,R:Real,B:Broad (64 economies),AR:Argentina,"Index, 2020 = 100",,2011-01-31,F:Free,,A:Normal value,176.79
"BIS,WS_EER,1.0",M.R.B.AR,M:Monthly,R:Real,B:Broad (64 economies),AR:Argentina,"Index, 2020 = 100",,2011-02-28,F:Free,,A:Normal value,173.92
"BIS,WS_EER,1.0",M.R.B.AR,M:Monthly,R:Real,B:Broad (64 economies),AR:Argentina,"Index, 2020 = 100",,2011-03-31,F:Free,,A:Normal value,172.26
"BIS,WS_EER,1.0",M.R.B.AR,M:Monthly,R:Real,B:Broad (64 economies),AR:Argentina,"Index, 2020 = 100",,2011-04-30,F:Free,,A:Normal value,167.36
"BIS,WS_EER,1.0",M.R.B.AR,M:Monthly,R:Real,B:Broad (64 economies),AR:Argentina,"Index, 2020 = 100",,2011-05-31,F:Free,,A:Normal value,168.19
"BIS,WS_EER,1.0",M.R.B.AR,M:Monthly,R:Real,B:Broad (64 economies),AR:Argentina,"Index, 2020 = 100",,2011-06-30,F:Free,,A:Normal value,167.84
"BIS,WS_EER,1.0",M.R.B.AR,M:Monthly,R:Real,B:Broad (64 economies),AR:Argentina,"Index, 2020 = 100",,2011-07-31,F:Free,,A:Normal value,166.99
"BIS,WS_EER,1.0",M.R.B.AR,M:Monthly,R:Real,B:Broad (64 economies),AR:Argentina,"Index, 2020 = 100",,2011-08-31,F:Free,,A:Normal value,167.06
"BIS,WS_EER,1.0",M.R.B.AR,M:Monthly,R:Real,B:Broad (64 economies),AR:Argentina,"Index, 2020 = 100",,2011-09-30,F:Free,,A:Normal value,173.74
"BIS,WS_EER,1.0",M.R.B.AR,M:Monthly,R:Real,B:Broad (64 economies),AR:Argentina,"Index, 2020 = 100",,2011-10-31,F:Free,,A:Normal value,175.83
"BIS,WS_EER,1.0",M.R.B.AR,M:Monthly,R:Real,B:Broad (64 economies),AR:Argentina,"Index, 2020 = 100",,2011-11-30,F:Free,,A:Normal value,175.57
"BIS,WS_EER,1.0",M.R.B.AR,M:Monthly,R:Real,B:Broad (64 economies),AR:Argentina,"Index, 2020 = 100",,2011-12-31,F:Free,,A:Normal value,178.05
"BIS,WS_EER,1.0",M.R.B.AR,M:Monthly,R:Real,B:Broad (64 economies),AR:Argentina,"Index, 2020 = 100",,2012-01-31,F:Free,,A:Normal value,176.22
"BIS,WS_EER,1.0",M.R.B.AR,M:Monthly,R:Real,B:Broad (64 economies),AR:Argentina,"Index, 2020 = 100",,2012-02-29,F:Free,,A:Normal value,171.64
"BIS,WS_EER,1.0",M.R.B.AR,M:Monthly,R:Real,B:Broad (64 economies),AR:Argentina,"Index, 2020 = 100",,2012-03-31,F:Free,,A:Normal value,174.95
"BIS,WS_EER,1.0",M.R.B.AR,M:Monthly,R:Real,B:Broad (64 economies),AR:Argentina,"Index, 2020 = 100",,2012-04-30,F:Free,,A:Normal value,176.39
"BIS,WS_EER,1.0",M.R.B.AR,M:Monthly,R:Real,B:Broad (64 economies),AR:Argentina,"Index, 2020 = 100",,2012-05-31,F:Free,,A:Normal value,181.47
"BIS,WS_EER,1.0",M.R.B.AR,M:Monthly,R:Real,B:Broad (64 economies),AR:Argentina,"Index, 2020 = 100",,2012-06-30,F:Free,,A:Normal value,185.24
"BIS,WS_EER,1.0",M.R.B.AR,M:Monthly,R:Real,B:Broad (64 economies),AR:Argentina,"Index, 2020 = 100",,2012-07-31,F:Free,,A:Normal value,183.02
"BIS,WS_EER,1.0",M.R.B.AR,M:Monthly,R:Real,B:Broad (64 economies),AR:Argentina,"Index, 2020 = 100",,2012-08-31,F:Free,,A:Normal value,180.83
"BIS,WS_EER,1.0",M.R.B.AR,M:Monthly,R:Real,B:Broad (64 economies),AR:Argentina,"Index, 2020 = 100",,2012-09-30,F:Free,,A:Normal value,177.24
"BIS,WS_EER,1.0",M.R.B.AR,M:Monthly,R:Real,B:Broad (64 economies),AR:Argentina,"Index, 2020 = 100",,2012-10-31,F:Free,,A:Normal value,175.56
"BIS,WS_EER,1.0",M.R.B.AR,M:Monthly,R:Real,B:Broad (64 economies),AR:Argentina,"Index, 2020 = 100",,2012-11-30,F:Free,,A:Normal value,175.89
"BIS,WS_EER,1.0",M.R.B.AR,M:Monthly,R:Real,B:Broad (64 economies),AR:Argentina,"Index, 2020 = 100",,2012-12-31,F:Free,,A:Normal value,173.3
"BIS,WS_EER,1.0",M.R.B.AR,M:Monthly,R:Real,B:Broad (64 economies),AR:Argentina,"Index, 2020 = 100",,2013-01-31,F:Free,,A:Normal value,170.62
"BIS,WS_EER,1.0",M.R.B.AR,M:Monthly,R:Real,B:Broad (64 economies),AR:Argentina,"Index, 2020 = 100",,2013-02-28,F:Free,,A:Normal value,166.94
"BIS,WS_EER,1.0",M.R.B.AR,M:Monthly,R:Real,B:Broad (64 economies),AR:Argentina,"Index, 2020 = 100",,2013-03-31,F:Free,,A:Normal value,166.5
"BIS,WS_EER,1.0",M.R.B.AR,M:Monthly,R:Real,B:Broad (64 economies),AR:Argentina,"Index, 2020 = 100",,2013-04-30,F:Free,,A:Normal value,165.35
"BIS,WS_EER,1.0",M.R.B.AR,M:Monthly,R:Real,B:Broad (64 economies),AR:Argentina,"Index, 2020 = 100",,2013-05-31,F:Free,,A:Normal value,164.88
"BIS,WS_EER,1.0",M.R.B.AR,M:Monthly,R:Real,B:Broad (64 economies),AR:Argentina,"Index, 2020 = 100",,2013-06-30,F:Free,,A:Normal value,166.98
"BIS,WS_EER,1.0",M.R.B.AR,M:Monthly,R:Real,B:Broad (64 economies),AR:Argentina,"Index, 2020 = 100",,2013-07-31,F:Free,,A:Normal value,167.68
"BIS,WS_EER,1.0",M.R.B.AR,M:Monthly,R:Real,B:Broad (64 economies),AR:Argentina,"Index, 2020 = 100",,2013-08-31,F:Free,,A:Normal value,166.23
"BIS,WS_EER,1.0",M.R.B.AR,M:Monthly,R:Real,B:Broad (64 economies),AR:Argentina,"Index, 2020 = 100",,2013-09-30,F:Free,,A:Normal value,160.61
"BIS,WS_EER,1.0",M.R.B.AR,M:Monthly,R:Real,B:Broad (64 economies),AR:Argentina,"Index, 2020 = 100",,2013-10-31,F:Free,,A:Normal value,155.59
"BIS,WS_EER,1.0",M.R.B.AR,M:Monthly,R:Real,B:Broad (64 economies),AR:Argentina,"Index, 2020 = 100",,2013-11-30,F:Free,,A:Normal value,155.51
"BIS,WS_EER,1.0",M.R.B.AR,M:Monthly,R:Real,B:Broad (64 economies),AR:Argentina,"Index, 2020 = 100",,2013-12-31,F:Free,,A:Normal value,150.27
"BIS,WS_EER,1.0",M.R.B.AR,M:Monthly,R:Real,B:Broad (64 economies),AR:Argentina,"Index, 2020 = 100",,2014-01-31,F:Free,,A:Normal value,140.31
"BIS,WS_EER,1.0",M.R.B.AR,M:Monthly,R:Real,B:Broad (64 economies),AR:Argentina,"Index, 2020 = 100",,2014-02-28,F:Free,,A:Normal value,129.59
"BIS,WS_EER,1.0",M.R.B.AR,M:Monthly,R:Real,B:Broad (64 economies),AR:Argentina,"Index, 2020 = 100",,2014-03-31,F:Free,,A:Normal value,130.38
"BIS,WS_EER,1.0",M.R.B.AR,M:Monthly,R:Real,B:Broad (64 economies),AR:Argentina,"Index, 2020 = 100",,2014-04-30,F:Free,,A:Normal value,129.47
"BIS,WS_EER,1.0",M.R.B.AR,M:Monthly,R:Real,B:Broad (64 economies),AR:Argentina,"Index, 2020 = 100",,2014-05-31,F:Free,,A:Normal value,130.24
"BIS,WS_EER,1.0",M.R.B.AR,M:Monthly,R:Real,B:Broad (64 economies),AR:Argentina,"Index, 2020 = 100",,2014-06-30,F:Free,,A:Normal value,130.8
"BIS,WS_EER,1.0",M.R.B.AR,M:Monthly,R:Real,B:Broad (64 economies),AR:Argentina,"Index, 2020 = 100",,2014-07-31,F:Free,,A:Normal value,131.94
"BIS,WS_EER,1.0",M.R.B.AR,M:Monthly,R:Real,B:Broad (64 economies),AR:Argentina,"Index, 2020 = 100",,2014-08-31,F:Free,,A:Normal value,132.4
"BIS,WS_EER,1.0",M.R.B.AR,M:Monthly,R:Real,B:Broad (64 economies),AR:Argentina,"Index, 2020 = 100",,2014-09-30,F:Free,,A:Normal value,134.18
"BIS,WS_EER,1.0",M.R.B.AR,M:Monthly,R:Real,B:Broad (64 economies),AR:Argentina,"Index, 2020 = 100",,2014-10-31,F:Free,,A:Normal value,137.34
"BIS,WS_EER,1.0",M.R.B.AR,M:Monthly,R:Real,B:Broad (64 economies),AR:Argentina,"Index, 2020 = 100",,2014-11-30,F:Free,,A:Normal value,140.93
"BIS,WS_EER,1.0",M.R.B.AR,M:Monthly,R:Real,B:Broad (64 economies),AR:Argentina,"Index, 2020 = 100",,2014-12-31,F:Free,,A:Normal value,144.45
"BIS,WS_EER,1.0",M.R.B.AR,M:Monthly,R:Real,B:Broad (64 economies),AR:Argentina,"Index, 2020 = 100",,2015-01-31,F:Free,,A:Normal value,146.92
"BIS,WS_EER,1.0",M.R.B.AR,M:Monthly,R:Real,B:Broad (64 economies),AR:Argentina,"Index, 2020 = 100",,2015-02-28,F:Free,,A:Normal value,149.46
"BIS,WS_EER,1.0",M.R.B.AR,M:Monthly,R:Real,B:Broad (64 economies),AR:Argentina,"Index, 2020 = 100",,2015-03-31,F:Free,,A:Normal value,155.16
"BIS,WS_EER,1.0",M.R.B.AR,M:Monthly,R:Real,B:Broad (64 economies),AR:Argentina,"Index, 2020 = 100",,2015-04-30,F:Free,,A:Normal value,153.1
"BIS,WS_EER,1.0",M.R.B.AR,M:Monthly,R:Real,B:Broad (64 economies),AR:Argentina,"Index, 2020 = 100",,2015-05-31,F:Free,,A:Normal value,151.91
"BIS,WS_EER,1.0",M.R.B.AR,M:Monthly,R:Real,B:Broad (64 economies),AR:Argentina,"Index, 2020 = 100",,2015-06-30,F:Free,,A:Normal value,152.52
"BIS,WS_EER,1.0",M.R.B.AR,M:Monthly,R:Real,B:Broad (64 economies),AR:Argentina,"Index, 2020 = 100",,2015-07-31,F:Free,,A:Normal value,155.29
"BIS,WS_EER,1.0",M.R.B.AR,M:Monthly,R:Real,B:Broad (64 economies),AR:Argentina,"Index, 2020 = 100",,2015-08-31,F:Free,,A:Normal value,160.24
"BIS,WS_EER,1.0",M.R.B.AR,M:Monthly,R:Real,B:Broad (64 economies),AR:Argentina,"Index, 2020 = 100",,2015-09-30,F:Free,,A:Normal value,164.78
"BIS,WS_EER,1.0",M.R.B.AR,M:Monthly,R:Real,B:Broad (64 economies),AR:Argentina,"Index, 2020 = 100",,2015-10-31,F:Free,,A:Normal value,163.71
"BIS,WS_EER,1.0",M.R.B.AR,M:Monthly,R:Real,B:Broad (64 economies),AR:Argentina,"Index, 2020 = 100",,2015-11-30,F:Free,,A:Normal value,164.73
"BIS,WS_EER,1.0",M.R.B.AR,M:Monthly,R:Real,B:Broad (64 economies),AR:Argentina,"Index, 2020 = 100",,2015-12-31,F:Free,,A:Normal value,149.19
"BIS,WS_EER,1.0",M.R.B.AR,M:Monthly,R:Real,B:Broad (64 economies),AR:Argentina,"Index, 2020 = 100",,2016-01-31,F:Free,,A:Normal value,129.12
"BIS,WS_EER,1.0",M.R.B.AR,M:Monthly,R:Real,B:Broad (64 economies),AR:Argentina,"Index, 2020 = 100",,2016-02-29,F:Free,,A:Normal value,120.46
"BIS,WS_EER,1.0",M.R.B.AR,M:Monthly,R:Real,B:Broad (64 economies),AR:Argentina,"Index, 2020 = 100",,2016-03-31,F:Free,,A:Normal value,118.02
"BIS,WS_EER,1.0",M.R.B.AR,M:Monthly,R:Real,B:Broad (64 economies),AR:Argentina,"Index, 2020 = 100",,2016-04-30,F:Free,,A:Normal value,124.21
"BIS,WS_EER,1.0",M.R.B.AR,M:Monthly,R:Real,B:Broad (64 economies),AR:Argentina,"Index, 2020 = 100",,2016-05-31,F:Free,,A:Normal value,131.96
"BIS,WS_EER,1.0",M.R.B.AR,M:Monthly,R:Real,B:Broad (64 economies),AR:Argentina,"Index, 2020 = 100",,2016-06-30,F:Free,,A:Normal value,135.3
"BIS,WS_EER,1.0",M.R.B.AR,M:Monthly,R:Real,B:Broad (64 economies),AR:Argentina,"Index, 2020 = 100",,2016-07-31,F:Free,,A:Normal value,129.49
"BIS,WS_EER,1.0",M.R.B.AR,M:Monthly,R:Real,B:Broad (64 economies),AR:Argentina,"Index, 2020 = 100",,2016-08-31,F:Free,,A:Normal value,128.57
"BIS,WS_EER,1.0",M.R.B.AR,M:Monthly,R:Real,B:Broad (64 economies),AR:Argentina,"Index, 2020 = 100",,2016-09-30,F:Free,,A:Normal value,128.27
"BIS,WS_EER,1.0",M.R.B.AR,M:Monthly,R:Real,B:Broad (64 economies),AR:Argentina,"Index, 2020 = 100",,2016-10-31,F:Free,,A:Normal value,130.26
"BIS,WS_EER,1.0",M.R.B.AR,M:Monthly,R:Real,B:Broad (64 economies),AR:Argentina,"Index, 2020 = 100",,2016-11-30,F:Free,,A:Normal value,134.32
"BIS,WS_EER,1.0",M.R.B.AR,M:Monthly,R:Real,B:Broad (64 economies),AR:Argentina,"Index, 2020 = 100",,2016-12-31,F:Free,,A:Normal value,132.51
"BIS,WS_EER,1.0",M.R.B.AR,M:Monthly,R:Real,B:Broad (64 economies),AR:Argentina,"Index, 2020 = 100",,2017-01-31,F:Free,,A:Normal value,131.54
"BIS,WS_EER,1.0",M.R.B.AR,M:Monthly,R:Real,B:Broad (64 economies),AR:Argentina,"Index, 2020 = 100",,2017-02-28,F:Free,,A:Normal value,134.95
"BIS,WS_EER,1.0",M.R.B.AR,M:Monthly,R:Real,B:Broad (64 economies),AR:Argentina,"Index, 2020 = 100",,2017-03-31,F:Free,,A:Normal value,138.75
"BIS,WS_EER,1.0",M.R.B.AR,M:Monthly,R:Real,B:Broad (64 economies),AR:Argentina,"Index, 2020 = 100",,2017-04-30,F:Free,,A:Normal value,143.38
"BIS,WS_EER,1.0",M.R.B.AR,M:Monthly,R:Real,B:Broad (64 economies),AR:Argentina,"Index, 2020 = 100",,2017-05-31,F:Free,,A:Normal value,142.04
"BIS,WS_EER,1.0",M.R.B.AR,M:Monthly,R:Real,B:Broad (64 economies),AR:Argentina,"Index, 2020 = 100",,2017-06-30,F:Free,,A:Normal value,140.56
"BIS,WS_EER,1.0",M.R.B.AR,M:Monthly,R:Real,B:Broad (64 economies),AR:Argentina,"Index, 2020 = 100",,2017-07-31,F:Free,,A:Normal value,132.48
"BIS,WS_EER,1.0",M.R.B.AR,M:Monthly,R:Real,B:Broad (64 economies),AR:Argentina,"Index, 2020 = 100",,2017-08-31,F:Free,,A:Normal value,129.86
"BIS,WS_EER,1.0",M.R.B.AR,M:Monthly,R:Real,B:Broad (64 economies),AR:Argentina,"Index, 2020 = 100",,2017-09-30,F:Free,,A:Normal value,132.51
"BIS,WS_EER,1.0",M.R.B.AR,M:Monthly,R:Real,B:Broad (64 economies),AR:Argentina,"Index, 2020 = 100",,2017-10-31,F:Free,,A:Normal value,134.18
"BIS,WS_EER,1.0",M.R.B.AR,M:Monthly,R:Real,B:Broad (64 economies),AR:Argentina,"Index, 2020 = 100",,2017-11-30,F:Free,,A:Normal value,135.86
"BIS,WS_EER,1.0",M.R.B.AR,M:Monthly,R:Real,B:Broad (64 economies),AR:Argentina,"Index, 2020 = 100",,2017-12-31,F:Free,,A:Normal value,139.34
"BIS,WS_EER,1.0",M.R.B.AR,M:Monthly,R:Real,B:Broad (64 economies),AR:Argentina,"Index, 2020 = 100",,2018-01-31,F:Free,,A:Normal value,128.09
"BIS,WS_EER,1.0",M.R.B.AR,M:Monthly,R:Real,B:Broad (64 economies),AR:Argentina,"Index, 2020 = 100",,2018-02-28,F:Free,,A:Normal value,124.63
"BIS,WS_EER,1.0",M.R.B.AR,M:Monthly,R:Real,B:Broad (64 economies),AR:Argentina,"Index, 2020 = 100",,2018-03-31,F:Free,,A:Normal value,125.6
"BIS,WS_EER,1.0",M.R.B.AR,M:Monthly,R:Real,B:Broad (64 economies),AR:Argentina,"Index, 2020 = 100",,2018-04-30,F:Free,,A:Normal value,130.18
"BIS,WS_EER,1.0",M.R.B.AR,M:Monthly,R:Real,B:Broad (64 economies),AR:Argentina,"Index, 2020 = 100",,2018-05-31,F:Free,,A:Normal value,117.66
"BIS,WS_EER,1.0",M.R.B.AR,M:Monthly,R:Real,B:Broad (64 economies),AR:Argentina,"Index, 2020 = 100",,2018-06-30,F:Free,,A:Normal value,110.23
"BIS,WS_EER,1.0",M.R.B.AR,M:Monthly,R:Real,B:Broad (64 economies),AR:Argentina,"Index, 2020 = 100",,2018-07-31,F:Free,,A:Normal value,109.66
"BIS,WS_EER,1.0",M.R.B.AR,M:Monthly,R:Real,B:Broad (64 economies),AR:Argentina,"Index, 2020 = 100",,2018-08-31,F:Free,,A:Normal value,107.35
"BIS,WS_EER,1.0",M.R.B.AR,M:Monthly,R:Real,B:Broad (64 economies),AR:Argentina,"Index, 2020 = 100",,2018-09-30,F:Free,,A:Normal value,89.6
"BIS,WS_EER,1.0",M.R.B.AR,M:Monthly,R:Real,B:Broad (64 economies),AR:Argentina,"Index, 2020 = 100",,2018-10-31,F:Free,,A:Normal value,94.83
"BIS,WS_EER,1.0",M.R.B.AR,M:Monthly,R:Real,B:Broad (64 economies),AR:Argentina,"Index, 2020 = 100",,2018-11-30,F:Free,,A:Normal value,100.71
"BIS,WS_EER,1.0",M.R.B.AR,M:Monthly,R:Real,B:Broad (64 economies),AR:Argentina,"Index, 2020 = 100",,2018-12-31,F:Free,,A:Normal value,100.06
"BIS,WS_EER,1.0",M.R.B.AR,M:Monthly,R:Real,B:Broad (64 economies),AR:Argentina,"Index, 2020 = 100",,2019-01-31,F:Free,,A:Normal value,102.32
"BIS,WS_EER,1.0",M.R.B.AR,M:Monthly,R:Real,B:Broad (64 economies),AR:Argentina,"Index, 2020 = 100",,2019-02-28,F:Free,,A:Normal value,102.77
"BIS,WS_EER,1.0",M.R.B.AR,M:Monthly,R:Real,B:Broad (64 economies),AR:Argentina,"Index, 2020 = 100",,2019-03-31,F:Free,,A:Normal value,100.97
"BIS,WS_EER,1.0",M.R.B.AR,M:Monthly,R:Real,B:Broad (64 economies),AR:Argentina,"Index, 2020 = 100",,2019-04-30,F:Free,,A:Normal value,99.46
"BIS,WS_EER,1.0",M.R.B.AR,M:Monthly,R:Real,B:Broad (64 economies),AR:Argentina,"Index, 2020 = 100",,2019-05-31,F:Free,,A:Normal value,100.01
"BIS,WS_EER,1.0",M.R.B.AR,M:Monthly,R:Real,B:Broad (64 economies),AR:Argentina,"Index, 2020 = 100",,2019-06-30,F:Free,,A:Normal value,103.68
"BIS,WS_EER,1.0",M.R.B.AR,M:Monthly,R:Real,B:Broad (64 economies),AR:Argentina,"Index, 2020 = 100",,2019-07-31,F:Free,,A:Normal value,108.55
"BIS,WS_EER,1.0",M.R.B.AR,M:Monthly,R:Real,B:Broad (64 economies),AR:Argentina,"Index, 2020 = 100",,2019-08-31,F:Free,,A:Normal value,94.5
"BIS,WS_EER,1.0",M.R.B.AR,M:Monthly,R:Real,B:Broad (64 economies),AR:Argentina,"Index, 2020 = 100",,2019-09-30,F:Free,,A:Normal value,92.48
"BIS,WS_EER,1.0",M.R.B.AR,M:Monthly,R:Real,B:Broad (64 economies),AR:Argentina,"Index, 2020 = 100",,2019-10-31,F:Free,,A:Normal value,91.97
"BIS,WS_EER,1.0",M.R.B.AR,M:Monthly,R:Real,B:Broad (64 economies),AR:Argentina,"Index, 2020 = 100",,2019-11-30,F:Free,,A:Normal value,93.53
"BIS,WS_EER,1.0",M.R.B.AR,M:Monthly,R:Real,B:Broad (64 economies),AR:Argentina,"Index, 2020 = 100",,2019-12-31,F:Free,,A:Normal value,95.94
"BIS,WS_EER,1.0",M.R.B.AR,M:Monthly,R:Real,B:Broad (64 economies),AR:Argentina,"Index, 2020 = 100",,2020-01-31,F:Free,,A:Normal value,97.27
"BIS,WS_EER,1.0",M.R.B.AR,M:Monthly,R:Real,B:Broad (64 economies),AR:Argentina,"Index, 2020 = 100",,2020-02-29,F:Free,,A:Normal value,98.62
"BIS,WS_EER,1.0",M.R.B.AR,M:Monthly,R:Real,B:Broad (64 economies),AR:Argentina,"Index, 2020 = 100",,2020-03-31,F:Free,,A:Normal value,103.82
"BIS,WS_EER,1.0",M.R.B.AR,M:Monthly,R:Real,B:Broad (64 economies),AR:Argentina,"Index, 2020 = 100",,2020-04-30,F:Free,,A:Normal value,105.2
"BIS,WS_EER,1.0",M.R.B.AR,M:Monthly,R:Real,B:Broad (64 economies),AR:Argentina,"Index, 2020 = 100",,2020-05-31,F:Free,,A:Normal value,105.36
"BIS,WS_EER,1.0",M.R.B.AR,M:Monthly,R:Real,B:Broad (64 economies),AR:Argentina,"Index, 2020 = 100",,2020-06-30,F:Free,,A:Normal value,100.85
"BIS,WS_EER,1.0",M.R.B.AR,M:Monthly,R:Real,B:Broad (64 economies),AR:Argentina,"Index, 2020 = 100",,2020-07-31,F:Free,,A:Normal value,99.37
"BIS,WS_EER,1.0",M.R.B.AR,M:Monthly,R:Real,B:Broad (64 economies),AR:Argentina,"Index, 2020 = 100",,2020-08-31,F:Free,,A:Normal value,99.32
"BIS,WS_EER,1.0",M.R.B.AR,M:Monthly,R:Real,B:Broad (64 economies),AR:Argentina,"Index, 2020 = 100",,2020-09-30,F:Free,,A:Normal value,98.61
"BIS,WS_EER,1.0",M.R.B.AR,M:Monthly,R:Real,B:Broad (64 economies),AR:Argentina,"Index, 2020 = 100",,2020-10-31,F:Free,,A:Normal value,99.57
"BIS,WS_EER,1.0",M.R.B.AR,M:Monthly,R:Real,B:Broad (64 economies),AR:Argentina,"Index, 2020 = 100",,2020-11-30,F:Free,,A:Normal value,97.42
"BIS,WS_EER,1.0",M.R.B.AR,M:Monthly,R:Real,B:Broad (64 economies),AR:Argentina,"Index, 2020 = 100",,2020-12-31,F:Free,,A:Normal value,94.6
"BIS,WS_EER,1.0",M.R.B.AR,M:Monthly,R:Real,B:Broad (64 economies),AR:Argentina,"Index, 2020 = 100",,2021-01-31,F:Free,,A:Normal value,94.27
"BIS,WS_EER,1.0",M.R.B.AR,M:Monthly,R:Real,B:Broad (64 economies),AR:Argentina,"Index, 2020 = 100",,2021-02-28,F:Free,,A:Normal value,94.54
"BIS,WS_EER,1.0",M.R.B.AR,M:Monthly,R:Real,B:Broad (64 economies),AR:Argentina,"Index, 2020 = 100",,2021-03-31,F:Free,,A:Normal value,98.47
"BIS,WS_EER,1.0",M.R.B.AR,M:Monthly,R:Real,B:Broad (64 economies),AR:Argentina,"Index, 2020 = 100",,2021-04-30,F:Free,,A:Normal value,99.69
"BIS,WS_EER,1.0",M.R.B.AR,M:Monthly,R:Real,B:Broad (64 economies),AR:Argentina,"Index, 2020 = 100",,2021-05-31,F:Free,,A:Normal value,99.29
"BIS,WS_EER,1.0",M.R.B.AR,M:Monthly,R:Real,B:Broad (64 economies),AR:Argentina,"Index, 2020 = 100",,2021-06-30,F:Free,,A:Normal value,99.48
"BIS,WS_EER,1.0",M.R.B.AR,M:Monthly,R:Real,B:Broad (64 economies),AR:Argentina,"Index, 2020 = 100",,2021-07-31,F:Free,,A:Normal value,102.51
"BIS,WS_EER,1.0",M.R.B.AR,M:Monthly,R:Real,B:Broad (64 economies),AR:Argentina,"Index, 2020 = 100",,2021-08-31,F:Free,,A:Normal value,104.5
"BIS,WS_EER,1.0",M.R.B.AR,M:Monthly,R:Real,B:Broad (64 economies),AR:Argentina,"Index, 2020 = 100",,2021-09-30,F:Free,,A:Normal value,106.68
"BIS,WS_EER,1.0",M.R.B.AR,M:Monthly,R:Real,B:Broad (64 economies),AR:Argentina,"Index, 2020 = 100",,2021-10-31,F:Free,,A:Normal value,110.67
"BIS,WS_EER,1.0",M.R.B.AR,M:Monthly,R:Real,B:Broad (64 economies),AR:Argentina,"Index, 2020 = 100",,2021-11-30,F:Free,,A:Normal value,111.9
"BIS,WS_EER,1.0",M.R.B.AR,M:Monthly,R:Real,B:Broad (64 economies),AR:Argentina,"Index, 2020 = 100",,2021-12-31,F:Free,,A:Normal value,115.15
"BIS,WS_EER,1.0",M.R.B.AR,M:Monthly,R:Real,B:Broad (64 economies),AR:Argentina,"Index, 2020 = 100",,2022-01-31,F:Free,,A:Normal value,115.79
"BIS,WS_EER,1.0",M.R.B.AR,M:Monthly,R:Real,B:Broad (64 economies),AR:Argentina,"Index, 2020 = 100",,2022-02-28,F:Free,,A:Normal value,114.98
"BIS,WS_EER,1.0",M.R.B.AR,M:Monthly,R:Real,B:Broad (64 economies),AR:Argentina,"Index, 2020 = 100",,2022-03-31,F:Free,,A:Normal value,117.28
"BIS,WS_EER,1.0",M.R.B.AR,M:Monthly,R:Real,B:Broad (64 economies),AR:Argentina,"Index, 2020 = 100",,2022-04-30,F:Free,,A:Normal value,118.56
"BIS,WS_EER,1.0",M.R.B.AR,M:Monthly,R:Real,B:Broad (64 economies),AR:Argentina,"Index, 2020 = 100",,2022-05-31,F:Free,,A:Normal value,122.45
"BIS,WS_EER,1.0",M.R.B.AR,M:Monthly,R:Real,B:Broad (64 economies),AR:Argentina,"Index, 2020 = 100",,2022-06-30,F:Free,,A:Normal value,123.8
"BIS,WS_EER,1.0",M.R.B.AR,M:Monthly,R:Real,B:Broad (64 economies),AR:Argentina,"Index, 2020 = 100",,2022-07-31,F:Free,,A:Normal value,131.19
"BIS,WS_EER,1.0",M.R.B.AR,M:Monthly,R:Real,B:Broad (64 economies),AR:Argentina,"Index, 2020 = 100",,2022-08-31,F:Free,,A:Normal value,131.53
"BIS,WS_EER,1.0",M.R.B.AR,M:Monthly,R:Real,B:Broad (64 economies),AR:Argentina,"Index, 2020 = 100",,2022-09-30,F:Free,,A:Normal value,133.64
"BIS,WS_EER,1.0",M.R.B.AR,M:Monthly,R:Real,B:Broad (64 economies),AR:Argentina,"Index, 2020 = 100",,2022-10-31,F:Free,,A:Normal value,134.94
"BIS,WS_EER,1.0",M.R.B.AR,M:Monthly,R:Real,B:Broad (64 economies),AR:Argentina,"Index, 2020 = 100",,2022-11-30,F:Free,,A:Normal value,131.64
"BIS,WS_EER,1.0",M.R.B.AR,M:Monthly,R:Real,B:Broad (64 economies),AR:Argentina,"Index, 2020 = 100",,2022-12-31,F:Free,,A:Normal value,127.38
"BIS,WS_EER,1.0",M.R.B.AR,M:Monthly,R:Real,B:Broad (64 economies),AR:Argentina,"Index, 2020 = 100",,2023-01-31,F:Free,,A:Normal value,125.59
"BIS,WS_EER,1.0",M.R.B.AR,M:Monthly,R:Real,B:Broad (64 economies),AR:Argentina,"Index, 2020 = 100",,2023-02-28,F:Free,,A:Normal value,126.64
"BIS,WS_EER,1.0",M.R.B.AR,M:Monthly,R:Real,B:Broad (64 economies),AR:Argentina,"Index, 2020 = 100",,2023-03-31,F:Free,,A:Normal value,129.18
"BIS,WS_EER,1.0",M.R.B.AR,M:Monthly,R:Real,B:Broad (64 economies),AR:Argentina,"Index, 2020 = 100",,2023-04-30,F:Free,,A:Normal value,128.93
"BIS,WS_EER,1.0",M.R.B.AR,M:Monthly,R:Real,B:Broad (64 economies),AR:Argentina,"Index, 2020 = 100",,2023-05-31,F:Free,,A:Normal value,130.57
"BIS,WS_EER,1.0",M.R.B.AR,M:Monthly,R:Real,B:Broad (64 economies),AR:Argentina,"Index, 2020 = 100",,2023-06-30,F:Free,,A:Normal value,128.1
"BIS,WS_EER,1.0",M.R.B.AR,M:Monthly,R:Real,B:Broad (64 economies),AR:Argentina,"Index, 2020 = 100",,2023-07-31,F:Free,,A:Normal value,125.73
"BIS,WS_EER,1.0",M.R.B.AR,M:Monthly,R:Real,B:Broad (64 economies),AR:Argentina,"Index, 2020 = 100",,2023-08-31,F:Free,,A:Normal value,117.91
"BIS,WS_EER,1.0",M.R.B.AR,M:Monthly,R:Real,B:Broad (64 economies),AR:Argentina,"Index, 2020 = 100",,2023-09-30,F:Free,,A:Normal value,122.72
"BIS,WS_EER,1.0",M.R.B.AR,M:Monthly,R:Real,B:Broad (64 economies),AR:Argentina,"Index, 2020 = 100",,2023-10-31,F:Free,,A:Normal value,135.02
"BIS,WS_EER,1.0",M.R.B.AR,M:Monthly,R:Real,B:Broad (64 economies),AR:Argentina,"Index, 2020 = 100",,2023-11-30,F:Free,,A:Normal value,147.87
"BIS,WS_EER,1.0",M.R.B.AR,M:Monthly,R:Real,B:Broad (64 economies),AR:Argentina,"Index, 2020 = 100",,2023-12-31,F:Free,,A:Normal value,100.9
"BIS,WS_EER,1.0",M.R.B.AR,M:Monthly,R:Real,B:Broad (64 economies),AR:Argentina,"Index, 2020 = 100",,2024-01-31,F:Free,,A:Normal value,94.77
"BIS,WS_EER,1.0",M.R.B.AR,M:Monthly,R:Real,B:Broad (64 economies),AR:Argentina,"Index, 2020 = 100",,2024-02-29,F:Free,,A:Normal value,106.75
"BIS,WS_EER,1.0",M.R.B.AR,M:Monthly,R:Real,B:Broad (64 economies),AR:Argentina,"Index, 2020 = 100",,2024-03-31,F:Free,,A:Normal value,116.74
"BIS,WS_EER,1.0",M.R.B.AR,M:Monthly,R:Real,B:Broad (64 economies),AR:Argentina,"Index, 2020 = 100",,2024-04-30,F:Free,,A:Normal value,126.14
"BIS,WS_EER,1.0",M.R.B.AR,M:Monthly,R:Real,B:Broad (64 economies),AR:Argentina,"Index, 2020 = 100",,2024-05-31,F:Free,,A:Normal value,128.45
"BIS,WS_EER,1.0",M.R.B.AR,M:Monthly,R:Real,B:Broad (64 economies),AR:Argentina,"Index, 2020 = 100",,2024-06-30,F:Free,,A:Normal value,133.7
